Dataset,RWR_time
phone-email,0.16277496019999185
foursquare-twitter,4.319627443949382
ACM-DBLP-P,20.7378142674764
cora,1.5079412460327148
ACM-DBLP-A,76.03363466262817
Douban,1.5323060353597004
